sample_id,question,ground_truth,baseline_answer,corrected_answer,baseline_correct,corrected_correct,flip_to_correct,n_claims,n_claims_supported,n_claims_contradicted,n_claims_uncertain,intervened,intervention_score,used_fallback
05491615,The vehicle is in front of who?,pedestrian,The vehicle (the truck) is in front of the pedestrians walking on the sidewalk.,The vehicle is in front of people with umbrellas.,True,False,0,5,0,1,4,1,0.402,0
14192896,Which side of the picture is the spectator on?,right,The spectator is on the right side of the picture.,Right side,True,True,0,5,2,1,2,1,0.266,0
03433692,Are there any bottles in the image?,yes,"Yes, there appears to be a bottle in the image, though it is not clearly identifiable.",Yes,True,True,0,5,0,0,5,1,0.35,0
0167377,Are there both helmets and motorcycles in this picture?,yes,"No, there are motorcycles in the picture, but there are no helmets visible.",Yes,False,True,1,5,2,1,2,1,0.266,0
09982030,What kind of food is below the vegetable near the carrots?,broth,The food below the vegetable near the carrots is a smooth soup made from the blended vegetables.,Blender mixture,False,False,0,5,2,1,2,1,0.266,0
07598996,What is the animal that is to the right of the black container?,giraffe,There is no animal to the right of the black container.,Giraffe,False,True,1,5,1,3,1,1,0.438,0
06222534,On which side is the statue?,right,There is no statue in the image.,There is no statue in the image.,False,False,0,5,4,0,1,0,0.07799999999999999,0
19359515,Is it indoors?,no,"No, it is not indoors.",No,True,True,0,5,1,2,2,1,0.386,0
03262245,Of what color are the bags to the right of the man?,black,There are no bags to the right of the man in the image.,There are no bags to the right of the man in the image.,False,False,0,5,3,1,1,0,0.19799999999999998,0
17397767,Is there a white truck or bus?,no,"No, there is no white truck or bus in the image.",No,True,True,0,5,1,2,2,1,0.386,0
01417011,Which side is the helmet on?,left,The helmet is on the left side of the image.,The helmet is on the left side of the image.,True,True,0,5,2,0,3,0,0.214,0
17596714,What is in front of the bushes?,train tracks,The railway tracks are in front of the bushes.,Railway track,False,False,0,5,2,1,2,1,0.266,0
08651263,What is the street sign on?,street light,The street sign is on the same pole as the clock.,The street sign is on the same pole as the clock.,False,False,0,5,2,0,3,0,0.214,0
11293734,Is there a lamb to the left of the ball?,no,"No, there is no lamb to the left of the ball in the image.","No, there is no lamb to the left of the ball in the image.",True,True,0,5,2,0,3,0,0.214,0
06566426,What is the man in?,canoe,The man is in a blue boat.,The man is in a blue boat.,False,False,0,5,2,0,3,0,0.214,0
161065162,Who is wearing the jeans?,man,"Based on the observations, it is not possible to determine who is wearing jeans in the image.","Based on the observations, it is not possible to determine who is wearing jeans in the image.",False,False,0,5,2,0,3,0,0.214,0
0365933,What is the color of the placemat in the top part of the photo?,cream colored,"There is no placemat in the top part of the photo, so the color cannot be determined.","There is no placemat in the top part of the photo, so the color cannot be determined.",False,False,0,5,3,0,2,0,0.146,0
18168885,Does she look at the ball in the top of the picture?,yes,"Yes, she looks at the ball in the top of the picture.",No,True,False,0,5,1,3,1,1,0.438,0
10682334,Is there food to the right of the tomato that the pepper is to the right of?,no,"No, there is no food to the right of the tomato because there is no pepper in the image, and thus no tomato to the right of it.","No, there is no food to the right of the tomato because there is no pepper in the image, and thus no tomato to the right of it.",True,True,0,5,5,0,0,0,0.009999999999999998,0
06564130,What is the device that he holds?,cell phone,The device he holds is a mobile phone.,Cell phone,False,True,1,5,2,2,1,1,0.318,0
16434006,What does the person that to the right of the boy wear?,blouse,"The person to the right of the boy wears a red shirt, blue jeans, and a black hat.","The person to the right of the boy wears a red shirt, blue jeans, and a black hat.",False,False,0,0,0,0,0,0,0.0,0
12252824,What is the color of the train to the left of the woman?,blue,The color of the train to the left of the woman is yellow.,The color of the train to the left of the woman is yellow.,False,False,0,5,3,0,2,0,0.146,0
0829456,What place was the image taken at?,street,"The image appears to have been taken at a city street during a cycling event or race, but the exact place cannot be identified from the image provided.","The image appears to have been taken at a city street during a cycling event or race, but the exact place cannot be identified from the image provided.",True,True,0,5,3,0,2,0,0.146,0
18602180,Are the clouds in the sky rainy or cloudy?,rainy,"The clouds in the sky appear to be cloudy, but they do not seem to be rainy.",Cloudy,True,False,0,5,2,1,2,1,0.266,0
08337624,Which side of the image is the man on?,left,The man is on the left side of the image.,The man is on the left side of the image.,True,True,0,5,4,0,1,0,0.078,0
03318431,What are the bleachers made of?,wood,The bleachers are made of wood.,The bleachers are made of wood.,True,True,0,5,2,0,3,0,0.214,0
09179577,What is located on top of the skateboard?,sneakers,The person's feet are located on top of the skateboard.,The person's feet are located on top of the skateboard.,False,False,0,0,0,0,0,0,0.0,0
09432410,What animal is striped?,cat,The animal that is striped in the image is a cat.,The animal that is striped in the image is a cat.,True,True,0,5,2,0,3,0,0.214,0
19104279,What is the girl playing with?,ball,The girl is playing tennis.,The girl is playing tennis.,False,False,0,5,3,1,1,0,0.198,0
096049,Is the woman to the left or to the right of the man that holds the racket?,right,The woman is to the right of the man that holds the racket.,The woman is to the right of the man that holds the racket.,True,True,0,5,4,0,1,0,0.07799999999999999,0
03493955,Is the silver car to the left or to the right of the people that are on the right side?,left,The silver car (the train) is to the left of the people on the right side.,The silver car (the train) is to the left of the people on the right side.,True,True,0,5,3,0,2,0,0.146,0
03437169,On which side of the image are the nuts?,right,The nuts are not visible in the image.,The nuts are not visible in the image.,False,False,0,5,3,0,2,0,0.146,0
06981173,What place is it?,display,It is a bathroom showroom or display area.,Bathroom,True,False,0,5,1,2,2,1,0.386,0
10763404,Are the utensils to the right of a refrigerator?,no,"No, the utensils are not to the right of a refrigerator.","No, the utensils are not to the right of a refrigerator.",True,True,0,5,3,0,2,0,0.146,0
19225232,Are there any fences or helmets?,no,"No, there are no fences or helmets in the image.","No, there are no fences or helmets in the image.",True,True,0,5,4,0,1,0,0.07799999999999999,0
05686508,Is the car to the left of the other car green or silver?,silver,The car to the left of the other car is silver.,silver,True,True,0,5,1,0,4,1,0.28200000000000003,0
08709099,Is the man to the left of the boat wearing a jacket?,no,"No, the man to the left of the boat is not wearing a jacket.","No, the man to the left of the boat is not wearing a jacket.",True,True,0,10,8,0,2,0,0.07799999999999999,0
091039290,Is the blue truck to the left of a person?,no,"No, the blue truck is not to the left of a person.",No,True,True,0,5,0,1,4,1,0.402,0
03581765,Is there either a small scooter or motorcycle?,no,"Yes, there are small scooters or motorcycles in the image.",No,False,True,1,5,1,1,3,1,0.334,0
03322739,Is the man to the left or to the right of the spectator on the left?,right,The man (the tennis player) is to the right of the spectator on the left.,The man (the tennis player) is to the right of the spectator on the left.,True,True,0,5,4,0,1,0,0.078,0
10259915,Does the sidewalk seem to be red and dirty?,no,The sidewalk seems to be red.,The sidewalk seems to be red.,False,False,0,5,3,1,1,0,0.19799999999999998,0
0682915,Does the nose that looks black look round and small?,yes,"Yes, the nose that looks black appears round, but it is not small.","Yes, the nose that looks black appears round, but it is not small.",True,True,0,5,2,0,3,0,0.214,0
13515619,What kind of furniture is to the left of the rug?,ottoman,The furniture to the left of the rug is a red leather ottoman and a television on a stand.,Red leather couch,True,False,0,5,1,0,4,1,0.28200000000000003,0
17560215,Who wears shoes?,man,"Most of the people on the platform appear to be wearing shoes, but without a clear view of all their feet, it is not possible to say definitively for every individual.","Most of the people on the platform appear to be wearing shoes, but without a clear view of all their feet, it is not possible to say definitively for every individual.",False,False,0,5,4,0,1,0,0.078,0
1972311,Is this a lamb or a cow?,lamb,This is a lamb.,Lamb,True,True,0,5,0,3,2,1,0.506,0
06146373,Is the toilet to the right of the food?,yes,"There is no food in the image, so the question cannot be answered based on the provided information.","There is no food in the image, so the question cannot be answered based on the provided information.",False,False,0,5,3,0,2,0,0.146,0
00930300,Do the shorts look black or red?,black,The shorts look black.,Black,True,True,0,5,2,1,2,1,0.266,0
12741575,Are there any salt shakers or batteries?,no,"No, there are no salt shakers or batteries in the image.","No, there are no salt shakers or batteries in the image.",True,True,0,5,2,0,3,0,0.214,0
09730771,What vehicle is the man in?,carriage,The man is in a horse-drawn carriage.,The man is in a horse-drawn carriage.,True,True,0,6,4,0,2,0,0.12333333333333334,0
04527826,Are both the cooking pot and the chair made of the same material?,yes,"No, the cooking pot and the chair are not made of the same material.",No,False,False,0,5,1,0,4,1,0.28200000000000003,0
11193931,Are the remote and the floor made of the same material?,no,"No, the remote and the floor are not made of the same material.","No, the remote and the floor are not made of the same material.",True,True,0,5,3,0,2,0,0.146,0
06328865,Is the green car in the bottom part or in the top of the picture?,bottom,The green car is in the bottom part of the picture.,Bottom,True,True,0,5,1,0,4,1,0.28200000000000003,0
05410113,Which side of the image is the television on?,left,The television is on the left side of the image.,The television is on the left side of the image.,True,True,0,5,3,1,1,0,0.198,0
00650121,What animal is on the chair on the right side of the picture?,cat,The animal on the chair on the right side of the picture is a cat.,The animal on the chair on the right side of the picture is a cat.,True,True,0,5,3,0,2,0,0.146,0
17949859,Is there any lettuce to the right of the carrot in the center of the image?,yes,"Yes, there is lettuce to the right of the carrot in the center of the image.","Yes, there is lettuce to the right of the carrot in the center of the image.",True,True,0,5,4,1,0,0,0.13,0
14669854,Are there controllers or beds?,no,"No, there are no controllers or beds in the image.",No,True,True,0,10,4,3,3,1,0.29200000000000004,0
05863853,Does the man in front of the end table appear to be standing?,no,"Yes, the man in front of the end table appears to be standing.","Yes, the man in front of the end table appears to be standing.",False,False,0,5,5,0,0,0,0.009999999999999998,0
133485,Are there any chairs to the right of the young child?,no,"No, there are no chairs to the right of the young child.",No,True,True,0,5,2,1,2,1,0.266,0
19954280,What vegetables are on the plate?,tomatoes,"The vegetables on the plate are broccoli, cherry tomatoes, celery, and carrot sticks.","The vegetables on the plate are broccoli, cherry tomatoes, celery, and carrot sticks.",True,True,0,5,4,0,1,0,0.078,0
08894679,Are there any boxes beside the device to the left of the mat?,yes,"Yes, there appear to be boxes beside the television to the left of the mat.","Yes, there appear to be boxes beside the television to the left of the mat.",True,True,0,5,4,0,1,0,0.078,0
18229012,What is located on top of the white table?,lamp,The white table has a plant and a few other small objects on top of it.,Lamp,False,True,1,5,0,0,5,1,0.35,0
17459063,Which place is it?,airport,"The image appears to be taken at an airport, but the exact location cannot be identified from the image provided.",Runway,True,False,0,5,0,3,2,1,0.506,0
03212804,What does the person wear?,shorts,The person wears swim trunks.,The person wears swim trunks.,False,False,0,5,4,0,1,0,0.078,0
13136918,Is the sky both blue and overcast?,no,"No, the sky is not both blue and overcast.",No,True,True,0,5,1,1,3,1,0.334,0
17853007,Is there any horse or sheep that is not gray?,no,"No, there is no horse or sheep that is not gray in the image.","No, there is no horse or sheep that is not gray in the image.",True,True,0,5,3,0,2,0,0.146,0
09928108,On which side is the umpire?,right,"The umpire is on the right side of the image, relative to the batter.","The umpire is on the right side of the image, relative to the batter.",True,True,0,5,3,0,2,0,0.146,0
05459303,Who is carrying the bag?,lady,Multiple people are carrying bags in the image.,Multiple people are carrying bags in the image.,False,False,0,5,3,0,2,0,0.146,0
0376680,Does the woman to the left of the man wear shorts?,yes,"No, the woman to the left of the man does not wear shorts.","No, the woman to the left of the man does not wear shorts.",False,False,0,5,2,0,3,0,0.214,0
0529198,Are there any chairs or computers in this scene?,yes,"Yes, there are chairs and computers in this scene.","Yes, there are chairs and computers in this scene.",True,True,0,5,2,0,3,0,0.214,0
00397762,What is the player that is to the left of the helmet preparing?,baseball bat,The player to the left of the helmet is preparing to hit the ball.,The player to the left of the helmet is preparing to hit the ball.,False,False,0,5,4,0,1,0,0.07799999999999999,0
10403875,On what kind of furniture is the cat?,table,The cat is sitting on a wooden table.,The cat is sitting on a wooden table.,True,True,0,5,3,0,2,0,0.146,0
16488440,Which kind of appliance is to the left of the lamp?,air conditioner,The appliance to the left of the lamp is a television.,The appliance to the left of the lamp is a television.,False,False,0,5,2,0,3,0,0.214,0
19494904,Are there both tables and couches in the picture?,yes,"Yes, there are both tables and couches in the picture.","Yes, there are both tables and couches in the picture.",True,True,0,5,3,0,2,0,0.146,0
1864177,"In which part is the person, the top or the bottom?",bottom,The person is in the bottom part of the image.,Bottom,True,True,0,5,2,1,2,1,0.266,0
14275115,Does the chair have a different color than the headband?,yes,"Yes, the chair has a different color than the headband.","Yes, the chair has a different color than the headband.",True,True,0,5,3,0,2,0,0.146,0
01763834,What vehicles are in the street?,cars,The vehicles in the street are cars.,Cars,True,True,0,5,1,3,1,1,0.438,0
00283108,What's on the plate?,pizza,The plate has a pizza on it.,The plate has a pizza on it.,True,True,0,5,4,0,1,0,0.078,0
14816347,Is there any bear in the image?,yes,"Yes, there are bears in the image.","Yes, there are bears in the image.",True,True,0,5,3,0,2,0,0.146,0
14381909,Is the woman to the right or to the left of the glasses that are to the left of the train?,left,The woman is to the right of the glasses that are to the left of the train.,The woman is to the right of the glasses that are to the left of the train.,True,True,0,5,3,0,2,0,0.146,0
13764117,Are there any teddy bears on top of the bed?,no,"No, there are no teddy bears on top of the bed.","No, there are no teddy bears on top of the bed.",True,True,0,5,2,0,3,0,0.214,0
09964815,Are there logoes on the oven?,no,"Yes, there is a logo on the oven.","Yes, there is a logo on the oven.",False,False,0,5,3,1,1,0,0.19799999999999998,0
05913845,What kind of furniture is it?,table,The furniture is a table.,The furniture is a table.,True,True,0,5,3,0,2,0,0.146,0
05755315,Are there any green pillows or bridges?,yes,"No, there are no green pillows or bridges in the image.","No, there are no green pillows or bridges in the image.",False,False,0,7,3,1,3,0,0.24142857142857138,0
05469399,Is the man with the glasses throwing a ball?,no,"No, the man with the glasses is not throwing a ball; he is participating in a game involving a frisbee.","No, the man with the glasses is not throwing a ball; he is participating in a game involving a frisbee.",True,True,0,5,2,0,3,0,0.214,0
161036696,Is the patterned curtain behind the dresser open and long?,no,"No, the patterned curtain behind the dresser is not open and long. It is long but closed.","No, the patterned curtain behind the dresser is not open and long. It is long but closed.",True,True,0,5,3,0,2,0,0.146,0
1366354,How is the weather?,sunny,The weather appears to be sunny and clear.,Sunny,True,True,0,5,2,2,1,1,0.318,0
16811715,Is the sky clear or foggy?,clear,The sky is clear.,Clear,True,True,0,5,2,2,1,1,0.318,0
10882926,What do the end table and the frame have in common?,material,The end table and the frame both share a common material (wood) and a similar design aesthetic.,The end table and the frame both share a common material (wood) and a similar design aesthetic.,True,True,0,5,5,0,0,0,0.009999999999999998,0
14124503,Are there either trains or trailers in this scene?,no,"No, there are neither trains nor trailers in this scene.",No,True,True,0,5,1,1,3,1,0.334,0
03962729,Is the white toilet to the right or to the left of the faucet?,right,The white toilet is to the right of the faucet.,The white toilet is to the right of the faucet.,True,True,0,5,4,0,1,0,0.078,0
03635273,What is in the kitchen?,cabinets,"The kitchen contains a stove, a sink, and wooden cabinets.","The kitchen contains a stove, a sink, and wooden cabinets.",True,True,0,5,2,0,3,0,0.214,0
11298977,Is the woman in front of the people using a computer?,no,"No, the woman in front of the people is not using a computer.","No, the woman in front of the people is not using a computer.",True,True,0,5,3,1,1,0,0.198,0
0866588,Which type of furniture is made of wood?,computer desk,The bed frames and the cabinet in the background are made of wood.,The bed frames and the cabinet in the background are made of wood.,False,False,0,5,2,0,3,0,0.214,0
15242425,Of which color is the sky?,dark,"The image does not show the sky, so the color of the sky cannot be determined from this image.",Dark,False,True,1,5,2,2,1,1,0.318,0
07777814,Is the man to the right of the cars wearing a watch?,yes,"No, the man to the right of the cars is not wearing a watch.","No, the man to the right of the cars is not wearing a watch.",False,False,0,5,2,0,3,0,0.214,0
01956518,Is the bright sky overcast or sunny?,sunny,"Based on the available information, it is not possible to definitively determine if the sky is overcast or sunny.","Based on the available information, it is not possible to definitively determine if the sky is overcast or sunny.",True,True,0,5,3,1,1,0,0.198,0
12171112,"What is this, an oven or a dishwasher?",dishwasher,This is a dishwasher.,Dishwasher,True,True,0,5,0,2,3,1,0.454,0
001009938,Who stands on the skis?,boy,The children in the foreground stand on the skis.,The children in the foreground stand on the skis.,False,False,0,5,3,0,2,0,0.146,0
02325517,Is there a cat or a dog in the photo?,no,"No, there is neither a cat nor a dog in the photo.",No,True,True,0,5,1,1,3,1,0.334,0
131059645,What is the man on?,bench,The man is on a bench.,The man is on a bench.,True,True,0,5,2,0,3,0,0.214,0
02591010,Is the cat healthy?,yes,"Yes, the cat appears to be healthy.","Yes, the cat appears to be healthy.",True,True,0,5,3,0,2,0,0.146,0
06983021,Who in the picture is eating?,man,The person in the picture is eating.,The person in the picture is eating.,False,False,0,5,4,0,1,0,0.078,0
00222257,Is there a couch to the left of the man the cans are to the right of?,yes,"Yes, there is a couch to the left of the man the cans are to the right of.","Yes, there is a couch to the left of the man the cans are to the right of.",True,True,0,5,3,0,2,0,0.146,0
14524305,What is the brown bear balancing on?,log,The brown bear is balancing on a log.,The brown bear is balancing on a log.,True,True,0,5,4,0,1,0,0.078,0
03150880,What is the net on?,pole,The net is on a fence or a similar structure in the background.,The net is on a fence or a similar structure in the background.,False,False,0,0,0,0,0,0,0.0,0
08116986,What is the man walking on?,ground,The man is walking on a rocky beach.,The man is walking on a rocky beach.,False,False,0,5,2,0,3,0,0.214,0
13430682,Do you see onions in this photograph?,no,"Yes, I see onions in the photograph.",Yes,False,False,0,5,0,0,5,1,0.35,0
051058592,What is the color of the tshirt the girl is wearing?,white,The color of the t-shirt the girl is wearing is yellow.,The girl is wearing a pink t-shirt.,False,False,0,5,1,0,4,1,0.28200000000000003,0
05111627,Are there ramekins or bottles in the picture?,no,"No, there are no ramekins or bottles in the picture.","No, there are no ramekins or bottles in the picture.",True,True,0,5,4,0,1,0,0.078,0
11139796,Is the bicycle to the right or to the left of the person that looks blonde?,right,The bicycle is to the right of the person that looks blonde.,The bicycle is to the right of the person that looks blonde.,True,True,0,5,4,0,1,0,0.078,0
141036087,What is the person holding?,surfboard,The person is holding a surfboard.,The person is holding a surfboard.,True,True,0,6,3,1,2,0,0.22333333333333333,0
171034612,Are there tablecloths or bowls?,no,"Yes, there are bowls in the image, specifically the compartments of the bento box.",No,False,True,1,5,2,2,1,1,0.318,0
11119089,Is the sauce on top of a pizza slice?,yes,"Yes, the sauce is on top of a pizza slice.",Yes,True,True,0,5,1,1,3,1,0.334,0
01750921,What is the lady wearing?,pants,The lady is wearing a pink jacket and black pants.,The lady is wearing a pink jacket and black pants.,True,True,0,5,2,0,3,0,0.214,0
17667821,Who is holding the device that looks gray and silver?,girl,"The person in the image is holding the gray and silver device, which is a mobile phone.","The person in the image is holding the gray and silver device, which is a mobile phone.",False,False,0,5,3,1,1,0,0.198,0
04173770,Do the paper and the liquid have a different colors?,yes,"Yes, the paper and the liquid have different colors.","Yes, the paper and the liquid have different colors.",True,True,0,5,2,0,3,0,0.214,0
1573911,Does the man's hair appear to be black or light brown?,black,The man's hair appears to be black.,Black,True,True,0,5,2,1,2,1,0.266,0
10587792,What is the bottle on?,counter,The bottle is on the countertop.,The bottle is on the countertop.,True,True,0,0,0,0,0,0,0.0,0
13363918,Are there both steam and smoke?,yes,"Yes, there are both steam and smoke in the image.",No,True,False,0,5,2,1,2,1,0.266,0
11354848,Does the jacket have brown color?,yes,"No, the jacket does not have a brown color.",Yes,False,True,1,5,1,0,4,1,0.28200000000000003,0
11385575,What animal is this child on?,horse,The child is not on any animal; they are standing next to a horse.,The child is not on an animal; they are petting a horse.,True,True,0,5,2,2,1,1,0.318,0
16742353,Are there both chairs and windows in the image?,no,"No, there are no chairs in the image, but there are windows.","No, there are no chairs in the image, but there are windows.",True,True,0,5,3,0,2,0,0.146,0
07696685,Are there both a chair and a desk in this scene?,yes,"Yes, there are both a chair and a desk in this scene.",Yes,True,True,0,5,1,0,4,1,0.28200000000000003,0
06356032,What is the vehicle to the left of the person that is standing by the fire hydrant?,car,The vehicles to the left of the person standing by the fire hydrant are parked cars.,Car,True,True,0,5,1,0,4,1,0.28200000000000003,0
15425887,Which side of the photo is the kid on?,left,The kid is on the left side of the photo.,The kid is on the left side of the photo.,True,True,0,5,4,0,1,0,0.078,0
10660951,Do you see white plates or mugs?,no,"No, I do not see white plates or mugs in the image.",No,True,True,0,5,2,1,2,1,0.266,0
15586374,What is located on top of the bed?,pillow,The items located on top of the bed are three pillows and a remote control.,Remote control,True,False,0,5,1,1,3,1,0.334,0
04914252,How long is the blond hair?,short,The blond hair is short.,The blond hair is short.,True,True,0,5,5,0,0,0,0.009999999999999998,0
13425365,On which side is the bicycle?,right,The bicycle is on the right side of the image.,The bicycle is on the right side of the image.,True,True,0,5,3,0,2,0,0.146,0
13226655,On which side of the image is the yellow vegetable?,left,The yellow vegetable is on the right side of the image.,The yellow vegetable is on the right side of the image.,False,False,0,5,3,1,1,0,0.19799999999999998,0
19693907,What's the man holding?,fish,The man is holding the string of a kite or similar aerial decoration.,The man is holding the string of a kite or similar aerial decoration.,False,False,0,5,4,0,1,0,0.07799999999999999,0
10611191,Is it outdoors?,yes,"Yes, it is outdoors.","Yes, it is outdoors.",True,True,0,5,4,0,1,0,0.078,0
1645076,Are there any blankets?,yes,"Yes, there are blankets in the image.",No,True,False,0,5,1,3,1,1,0.438,0
15978167,What's the porch made of?,brick,The porch is made of a combination of red and white tiles and concrete or a similar material.,Tiles,False,False,0,5,1,1,3,1,0.334,0
13497067,What is the pepper shaker that is to the left of the mug made of?,plastic,The pepper shaker is made of glass.,The pepper shaker is made of glass.,False,False,0,5,3,0,2,0,0.146,0
05433112,Are there either any dream catchers or lamps?,yes,"There is a lamp in the image, but no dream catchers.","There is a lamp in the image, but no dream catchers.",False,False,0,5,2,0,3,0,0.214,0
08297228,Do you think that shirt is red?,yes,"Yes, I think that shirt is red.","Yes, I think that shirt is red.",True,True,0,5,2,0,3,0,0.214,0
18782434,What do the mug and the tablecloth have in common?,color,The mug and the tablecloth are both white.,The mug and the tablecloth are both white.,False,False,0,5,5,0,0,0,0.009999999999999998,0
11524226,Are there either juice boxes or toothbrushes in the scene?,no,"No, there are neither juice boxes nor toothbrushes in the scene.","No, there are neither juice boxes nor toothbrushes in the scene.",True,True,0,8,6,0,2,0,0.095,0
12772816,What is the appliance in the kitchen?,refrigerator,The appliance in the kitchen is a refrigerator.,The appliance in the kitchen is a refrigerator.,False,False,0,5,3,0,2,0,0.146,0
16661127,Is the door tan or is it maroon?,maroon,The door is maroon.,Maroon,True,True,0,5,1,0,4,1,0.28200000000000003,0
10742293,On which side of the picture is the boat?,right,The boat is on the right side of the picture.,The boat is on the right side of the picture.,True,True,0,5,2,0,3,0,0.214,0
14202781,What is the piece of clothing that is black called?,jacket,The black piece of clothing is called a jacket.,The black piece of clothing is called a jacket.,True,True,0,5,4,1,0,0,0.13,0
1886024,Do you see any grass there that is brown?,yes,"Yes, I see brown areas that could be interpreted as grass in the image.",Yes,True,True,0,5,0,0,5,1,0.35,0
181000995,What item of furniture is to the right of the fruit?,chair,The item of furniture to the right of the fruit is a chair.,The item of furniture to the right of the fruit is a chair.,True,True,0,5,4,0,1,0,0.078,0
06840268,Who is riding the elephant?,guy,"The people in the image are standing on the elephant, not riding it.","The people in the image are standing on the elephant, not riding it.",False,False,0,5,4,0,1,0,0.078,0
041025251,Who is wearing a hat?,woman,The person walking with the golf club is wearing a hat.,The person walking with the golf club is wearing a hat.,False,False,0,5,2,0,3,0,0.214,0
1167999,Which place is it?,river,"The image appears to be taken from a waterfront area in a major North American city, but without more specific landmarks, it's not possible to pinpoint the exact location.",Riverfront Cityscape,False,True,1,5,0,0,5,1,0.35,0
16350496,What clothing item is long sleeved?,jacket,The long-sleeved clothing item in the image is the suit jacket.,The long-sleeved clothing item in the image is the suit jacket.,True,True,0,0,0,0,0,0,0.0,0
18484260,Is there either a triangular pizza or sandwich in this photo?,no,"No, there is neither a triangular pizza nor a sandwich in this photo.","No, there is neither a triangular pizza nor a sandwich in this photo.",True,True,0,10,6,1,3,0,0.172,0
00706944,Where is the man walking?,sidewalk,The image does not provide enough information to determine where the man is walking.,On the sidewalk between the parked cars.,False,True,1,5,1,1,3,1,0.334,0
16535089,Does the motorbike on the road look black?,no,"No, the motorbike on the road does not look black.",No,True,True,0,5,1,0,4,1,0.28200000000000003,0
14389529,Are there either curtains or towels that are white?,yes,"Yes, there is a white towel in the image.","Yes, there is a white towel in the image.",True,True,0,5,3,0,2,0,0.146,0
13726900,Are there either cabinets or towels in this scene?,yes,"No, there are no cabinets or towels in this scene.","No, there are no cabinets or towels in this scene.",False,False,0,5,4,0,1,0,0.07799999999999999,0
19992444,Are there any clocks to the right of the jar that is to the right of the box?,yes,"Yes, there is a clock to the right of the jar that is to the right of the box.","Yes, there is a clock to the right of the jar that is to the right of the box.",True,True,0,5,5,0,0,0,0.009999999999999998,0
11908666,What color is the towel on the right side of the photo?,brown,The towel on the right side of the photo is dark blue or black.,The towel on the right side of the photo is dark blue or black.,False,False,0,5,4,0,1,0,0.07799999999999999,0
10123004,"In which part is the flag, the top or the bottom?",top,The flag is in the top part of the image.,The flag is in the top part of the image.,True,True,0,5,3,0,2,0,0.146,0
14144547,What kind of vehicle is it?,car,The vehicle is a police motorcycle.,Motorcycle,False,False,0,5,2,2,1,1,0.318,0
04869171,In which part is the small shelf?,left,"There is no specific ""small shelf"" mentioned or highlighted in the image. The bookshelf in the background is large and has multiple shelves.","There is no specific ""small shelf"" mentioned or highlighted in the image. The bookshelf in the background is large and has multiple shelves.",False,False,0,5,3,0,2,0,0.146,0
09623056,What kind of furniture is red?,table,The red furniture in the image is the table.,The red furniture in the image is the table.,True,True,0,5,3,0,2,0,0.146,0
19501031,Are there both a door and window in the image?,no,"No, there is no door in the image.",No,True,True,0,5,1,0,4,1,0.28200000000000003,0
17746156,What color is the shirt that the boy is in?,white,The shirt that the boy is in is white.,The shirt that the boy is in is white.,True,True,0,5,3,0,2,0,0.146,0
01385341,What does the man hold onto?,pole,The man holds onto the boom of the sail.,The man holds onto the boom of the sail.,False,False,0,5,2,2,1,1,0.318,0
11196211,What are the men to the left of the horse wearing?,cowboy hat,"The men to the left of the horse are wearing traditional clothing, including long coats and hats.","The men to the left of the horse are wearing traditional clothing, including long coats and hats.",False,False,0,5,4,1,0,0,0.13,0
15641002,Is there food to the right of the food that is lying on top of the plate?,yes,"Yes, there is food to the right of the food lying on top of the plate. The food to the right includes the butter and syrup containers.","Yes, there is food to the right of the food lying on top of the plate. The food to the right includes the butter and syrup containers.",True,True,0,5,3,1,1,0,0.198,0
10230544,Do you see both a door and a window?,yes,"Yes, I see both a door and a window in the image.","Yes, I see both a door and a window in the image.",True,True,0,5,3,1,1,0,0.198,0
11499909,Do you see both cars and umbrellas there?,yes,"Yes, I see both cars and umbrellas in the image.","Yes, I see both cars and umbrellas in the image.",True,True,0,5,4,0,1,0,0.078,0
03337468,Which kind of furniture is the statue on?,bookshelf,The statue is on the bookshelf.,The statue is on the bookshelf.,True,True,0,5,3,0,2,0,0.146,0
09569413,What animal is this fence behind of?,cat,The animal behind the fence is a cat.,Cat,True,True,0,5,1,0,4,1,0.28200000000000003,0
13368717,Is the poster above the books?,yes,"Yes, the framed item above the bookshelf appears to be a poster.","Yes, the framed item above the bookshelf appears to be a poster.",True,True,0,5,3,0,2,0,0.146,0
12565565,Are there boats in the image?,no,"No, there are no boats in the image.",No,True,True,0,5,1,0,4,1,0.28200000000000003,0
19695032,Which place is it?,lake,This image appears to be taken in a wildlife park or a zoo.,Zoo,False,False,0,5,0,1,4,1,0.402,0
13773559,Do you see cars or clocks there?,yes,"Yes, I see a clock in the image.","Yes, I see a clock in the image.",True,True,0,5,3,0,2,0,0.146,0
10599873,How is the vehicle that is parked by the sidewalk called?,bus,The vehicle parked by the sidewalk is a bus.,The vehicle parked by the sidewalk is called a Circulator.,True,False,0,5,0,3,2,1,0.506,0
07846642,Is the man on the right side or on the left of the photo?,right,The man is on the right side of the photo.,The man is on the right side of the photo.,True,True,0,5,3,0,2,0,0.146,0
11183569,What is the purse on?,bench,The purse is on the bench.,The purse is on the bench.,True,True,0,5,3,0,2,0,0.146,0
00612856,How large is the porcelain sink?,large,The image does not provide enough information to accurately determine the size of the porcelain sink.,The image does not provide enough information to accurately determine the size of the porcelain sink.,False,False,0,5,3,0,2,0,0.146,0
11985230,What is on the table?,glass,A cake and a glass of wine are on the table.,A cake and a glass of wine are on the table.,True,True,0,5,3,1,1,0,0.198,0
11611800,What is the table in front of?,clock,The table is in front of the sofas.,The table is in front of the sofas.,False,False,0,5,2,0,3,0,0.214,0
03983167,Do you see fences to the right of the vehicle on the right?,yes,"Yes, there is a fence to the right of the vehicle on the right.","Yes, there is a fence to the right of the vehicle on the right.",True,True,0,5,3,0,2,0,0.146,0
17387034,What kind of sign is on the post?,street sign,"Based on the visual information provided, the exact type of sign cannot be determined. It appears to be a rectangular sign mounted on a post, but the content of the sign is not legible.",Street sign,False,True,1,5,0,0,5,1,0.35,0
15135493,What does the man read?,paper,The man reads a newspaper or magazine.,The man reads a newspaper or magazine.,True,True,0,5,2,0,3,0,0.214,0
00296203,What is the woman carrying?,radio,The woman is carrying a piece of paper or a cloth.,The woman is carrying a white object that appears to be a piece of paper or a cloth.,False,False,0,5,2,1,2,1,0.266,0
03612777,Who is petting the horse?,man,The person whose hand is visible in the image is petting the horse.,The person whose hand is visible in the image is petting the horse.,False,False,0,5,2,0,3,0,0.214,0
00158976,Is the person to the right or to the left of the pink candle?,right,The person is to the right of the pink candle.,The person is to the right of the pink candle.,True,True,0,10,7,0,3,0,0.11199999999999999,0
17726909,Is the man to the right or to the left of the people that are wearing glasses?,left,The man is to the left of the people that are wearing glasses.,The man is to the left of the people that are wearing glasses.,True,True,0,5,3,0,2,0,0.146,0
15776149,What color is the fruit to the left of the bowl?,yellow,The fruit to the left of the bowl is yellow.,Yellow,True,True,0,5,2,1,2,1,0.266,0
18437330,What is sitting in the bowl?,sauce,"The bowl contains a yellowish liquid, likely syrup or honey.",Honey,False,False,0,5,1,1,3,1,0.334,0
101047999,Are there chairs to the right of the blanket in the top of the photo?,no,"Based on the limited information provided in the image, it is not possible to definitively state whether there is a chair to the right of the blanket. The image does not provide enough detail to confirm the presence of a chair.","Based on the limited information provided in the image, it is not possible to definitively state whether there is a chair to the right of the blanket. The image does not provide enough detail to confirm the presence of a chair.",True,True,0,5,3,0,2,0,0.146,0
07740534,Is there any racket or fence in the picture?,yes,"No, there is neither a racket nor a fence in the picture.","No, there is neither a racket nor a fence in the picture.",False,False,0,5,4,0,1,0,0.078,0
02639501,Are there both a knife and a potato in the photograph?,yes,"Yes, there are both a knife and a potato in the photograph.","Yes, there are both a knife and a potato in the photograph.",True,True,0,5,3,0,2,0,0.146,0
18100369,Are there bells or helmets in the scene?,no,"No, there are no bells or helmets in the scene.","No, there are no bells or helmets in the scene.",True,True,0,5,3,0,2,0,0.146,0
12974671,What is on the table?,tray,"The table has a red tray with hot dogs, a salad, and a bottle of soda on it.","The table has a red tray with hot dogs, a salad, and a bottle of soda on it.",True,True,0,6,3,0,3,0,0.18000000000000002,0
13273642,What kind of furniture is above the trunk?,bed,The furniture above the trunk is a bed.,The furniture above the trunk is a bed.,True,True,0,5,2,0,3,0,0.214,0
11211902,Is the salad to the left or to the right of the food on the plate?,right,The salad is to the left of the food on the plate.,The salad is to the left of the food on the plate.,False,False,0,5,3,0,2,0,0.146,0
09488668,What is the device that is to the right of the chair at the table?,remote control,The device to the right of the chair at the table is a Wii Remote.,The device to the right of the chair at the table is a Wii Remote.,False,False,0,5,2,0,3,0,0.214,0
111030897,Which side of the image is the boy on?,left,The boy is on the left side of the image.,The boy is on the left side of the image.,True,True,0,5,4,0,1,0,0.078,0
041050837,What is the woman on the street wearing?,shirt,The woman on the street is wearing a red kimono-like outfit with a sash and holding a fan.,The woman on the street is wearing a red kimono-like outfit with a sash and holding a fan.,False,False,0,5,2,0,3,0,0.214,0
15794361,Does the shirt have white color?,yes,"Yes, the shirt has a white color.","Yes, the shirt has a white color.",True,True,0,5,3,0,2,0,0.146,0
0677800,What do both the floor and the wall have in common?,material,Both the floor and the wall are made of concrete.,Both the floor and the wall are made of concrete.,False,False,0,5,3,0,2,0,0.146,0
07245061,What item of furniture is wooden?,table,The wooden item of furniture is the table or surface on which the bowl is placed.,Surface,True,False,0,5,2,1,2,1,0.266,0
161071057,Do you see dogs in the photo?,no,"No, I do not see any dogs in the photo.",No,True,True,0,5,1,0,4,1,0.28200000000000003,0
0760649,What is the woman on?,chair,The woman is on a boat.,The woman is on a boat.,False,False,0,5,3,0,2,0,0.146,0
05473419,Which color is the plate?,blue,The plate is blue.,The plate is blue.,True,True,0,5,3,1,1,0,0.198,0
04145595,Are there any shelves on the wall?,no,"No, there are no shelves on the wall.","No, there are no shelves on the wall.",True,True,0,5,3,0,2,0,0.146,0
08728446,What is the woman wearing?,cap,"The person in the image is wearing a white shirt, dark shorts, and white shoes.","The person in the image is wearing a white shirt, dark shorts, and white shoes.",False,False,0,5,4,1,0,0,0.13,0
19110577,What is the man on?,bench,The man is on the stone bench.,The man is on the stone bench.,True,True,0,10,5,2,3,0,0.23199999999999998,0
0784551,Which side of the photo are the cars on?,right,The cars are on the right side of the photo.,The cars are on the right side of the photo.,True,True,0,5,4,0,1,0,0.078,0
04792058,Is the color of the man shirt different than the umbrella?,no,"Based on the black and white nature of the image, we cannot definitively say whether the color of the man's shirt is different from the umbrella.","Based on the black and white nature of the image, we cannot definitively say whether the color of the man's shirt is different from the umbrella.",True,True,0,5,4,0,1,0,0.078,0
1564748,Does the bowl to the right of the surfboard have black color and small size?,yes,"Yes, the bowl to the right of the armchair has a black color and seems to be small in size.","Yes, the bowl to the right of the armchair has a black color and seems to be small in size.",True,True,0,5,3,0,2,0,0.146,0
10630915,Who is wearing a helmet?,skateboarder,The person performing the skateboarding trick is wearing a helmet.,The person performing the skateboarding trick is wearing a helmet.,False,False,0,10,8,0,2,0,0.07799999999999999,0
19379027,Is there any food or wine that is white?,yes,"Yes, there is white wine in the image.","Yes, the wine is white.",True,True,0,5,0,0,5,1,0.35,0
05867327,On which side of the picture are the figurines?,right,The figurines are on the right side of the picture.,The figurines are on the right side of the picture.,True,True,0,5,4,0,1,0,0.07799999999999999,0
14770772,What color does the beard have?,gray,The beard has a gray or white color.,The beard has a gray or white color.,True,True,0,0,0,0,0,0,0.0,0
11705481,What's the bottle made of?,plastic,The bottle is likely made of glass.,The bottle is likely made of glass.,False,False,0,5,2,0,3,0,0.214,0
14384714,What is the umpire wearing?,hat,"The umpire is wearing dark clothing, a protective mask, and a chest protector.","The umpire is wearing dark clothing, a protective mask, and a chest protector.",False,False,0,5,2,0,3,0,0.214,0
04229498,Are there white zebras or dogs?,yes,"Yes, there is a white dog in the image.","Yes, there is a white dog in the image.",True,True,0,5,2,0,3,0,0.214,0
12456426,On which side of the image is the surfboard?,left,The surfboard is on the left side of the image.,There is no surfboard in the image.,True,False,0,5,1,1,3,1,0.334,0
19818113,Is there a train or a window in this image?,yes,"Yes, there is a window in the image.","Yes, there is a window in the image.",True,True,0,5,2,0,3,0,0.214,0
03987139,What is the appliance to the left of the person in the middle?,refrigerator,The appliance to the left of the person in the middle is a microwave oven.,Trash can,False,False,0,5,1,1,3,1,0.334,0
07358382,What is the cooking utensil to the left of the chair that is sitting at the counter called?,pan,The cooking utensil to the left of the chair that is sitting at the counter is a pot or pan.,ladle,True,False,0,5,0,1,4,1,0.402,0
13930214,Is the woman wearing jeans?,yes,"Yes, the woman appears to be wearing jeans.","Yes, the woman appears to be wearing jeans.",True,True,0,5,3,1,1,0,0.19799999999999998,0
161063494,What animal rides the animal to the left of the wine?,frog,There is no animal riding another animal in the image.,There is no animal riding another animal in the image.,False,False,0,5,2,0,3,0,0.214,0
17773211,"What color is the animal's tail, white or black?",white,The color of the animal's tail cannot be determined from the image provided.,The color of the animal's tail cannot be determined from the image provided.,False,False,0,5,2,0,3,0,0.214,0
01235881,Is the nose pink?,yes,"No, the nose is not pink.","No, the nose is not pink.",False,False,0,5,3,0,2,0,0.146,0
12140937,What are the headphones on?,sofa,The headphones are on the camera.,The headphones are on the camera.,False,False,0,5,3,0,2,0,0.146,0
10857773,Are there both berries and peaches in the image?,no,"No, there are berries in the image, but no peaches.",No,True,True,0,5,2,1,2,1,0.266,0
14740694,Which item of furniture is made of leather?,couch,None of the furniture in the image appears to be made of leather.,None of the furniture in the image appears to be made of leather.,False,False,0,5,4,0,1,0,0.078,0
06751549,"In which part of the picture is the rope, the top or the bottom?",bottom,The rope is in the bottom part of the picture.,The rope is in the bottom part of the picture.,True,True,0,5,3,0,2,0,0.146,0
0449386,What place is it?,hangar,"This is a museum or exhibition space dedicated to displaying aircraft, specifically the F-15 Eagle.",Museum,False,False,0,5,0,2,3,1,0.454,0
12165541,Where are the scissors?,floor,The scissors are located near the bottom left corner of the image.,The scissors are on the floor.,False,True,1,5,1,0,4,1,0.28200000000000003,0
09334085,Is the man on the left side?,no,"No, the man is not on the left side of the image.",No,True,True,0,5,2,1,2,1,0.266,0
02996718,Who is wearing pants?,player,No one in the image is wearing pants.,No one in the image is wearing pants.,False,False,0,5,5,0,0,0,0.009999999999999998,0
01863049,Is the man to the right of the person that is standing on the side walk?,no,"Yes, the man is to the right of the person standing on the sidewalk.","Yes, the man is to the right of the person standing on the sidewalk.",False,False,0,5,5,0,0,0,0.009999999999999998,0
12241557,"On which side of the image is the teddy bear, the left or the right?",right,The teddy bear is on the left side of the image.,The teddy bear is on the left side of the image.,False,False,0,5,2,0,3,0,0.214,0
101001520,What is the vegetable to the left of the olives that look black?,broccoli,The vegetable to the left of the black olives is broccoli.,The vegetable to the left of the black olives is broccoli.,True,True,0,5,5,0,0,0,0.009999999999999998,0
04248774,Are there both a fence and a bench in this photograph?,yes,"Yes, there are both a fence and a bench in this photograph.",Yes,True,True,0,5,2,1,2,1,0.266,0
17250321,What appliance is on?,oven,The oven appears to be off.,The oven appears to be off.,True,True,0,5,3,0,2,0,0.146,0
091044151,What kind of animal is in front of the trees?,bears,The animals in front of the trees are bears.,Bears,True,True,0,5,2,1,2,1,0.266,0
05491597,What is the color of the vehicle on the street?,dark,The vehicle on the street is dark in color.,The vehicle on the street is dark in color.,True,True,0,5,4,0,1,0,0.078,0
12741461,Which color is the balloon that is to the right of the other balloon?,pink,The balloon to the right of the other balloon is blue.,The balloon to the right of the other balloon is blue.,False,False,0,5,3,0,2,0,0.146,0
09816097,What is on the roof?,chimney,A chimney.,Chimney,True,True,0,5,1,0,4,1,0.28200000000000003,0
02411963,"In which part of the image is the camera, the bottom or the top?",bottom,The camera is in the bottom part of the image.,The camera is in the bottom part of the image.,True,True,0,5,4,0,1,0,0.078,0
18348364,What is the piece of furniture to the left of the coffee table the tray is on top of?,sofa,The piece of furniture to the left of the coffee table the tray is on top of is the beige armchair.,The piece of furniture to the left of the coffee table the tray is on top of is the beige armchair.,False,False,0,5,2,0,3,0,0.214,0
17528428,Does the chair on the side walk look pink and plastic?,no,"Yes, the chair on the sidewalk looks pink and plastic.","Yes, the chair on the sidewalk looks pink and plastic.",False,False,0,5,2,0,3,0,0.214,0
04891899,What is standing behind the girl?,tree,A tree trunk is standing behind the girl.,Fire hydrant,True,False,0,5,2,1,2,1,0.266,0
02447446,Who is in the water?,man,The person and the dog are in the water.,The person and the dog are in the water.,False,False,0,5,4,1,0,0,0.13,0
16529302,Is the tub the same color as the cat?,no,"No, the tub is not the same color as the cat.",No,True,True,0,5,3,2,0,1,0.25,0
021061347,What is the color of the desk?,black,The desk is black.,The desk is black.,True,True,0,5,1,0,4,1,0.28200000000000003,0
11493619,Is the vehicle tan and large?,no,"Yes, the vehicle is tan and large.","Yes, the vehicle is tan and large.",False,False,0,5,3,0,2,0,0.146,0
01956330,What are the people in front of the forest wearing?,jeans,"The person in front of the forest (the driver) is wearing an orange shirt and blue jeans, and the person behind (the passenger) is wearing a yellow shirt and dark shorts.","The person in front of the forest (the driver) is wearing an orange shirt and blue jeans, and the person behind (the passenger) is wearing a yellow shirt and dark shorts.",True,True,0,5,5,0,0,0,0.009999999999999998,0
1697991,Are there any skiers to the left of the people that are skiing?,no,"No, there are no skiers to the left of the people that are skiing.",No,True,True,0,5,2,1,2,1,0.266,0
19910432,What food is to the right of the woman?,pasta,The food to the right of the woman is pasta.,Final answer: Unknown,True,False,0,5,2,2,1,1,0.318,0
06974680,What do you think is on the shelf above the sink?,glass,"The shelf above the sink likely holds toiletries or personal care items such as soap, toothbrushes, or other bathroom essentials.","The shelf above the sink likely holds toiletries or personal care items such as soap, toothbrushes, or other bathroom essentials.",False,False,0,5,2,0,3,0,0.214,0
1370125,What is located on top of the cabinet by the desk?,printer,A printer is located on top of the cabinet by the desk.,Printer,True,True,0,5,2,1,2,1,0.266,0
16464458,What is the black item of furniture called?,shelf,The black item of furniture is likely a television or a stereo system.,TV stand,False,False,0,5,1,1,3,1,0.334,0
00212582,Of what color is the vehicle the pole is on the side of?,green,The question cannot be answered because there is no pole visible in the image.,Green,False,True,1,5,1,1,3,1,0.334,0
1796765,Do you see any maroon ties?,yes,"Yes, I see a maroon tie.","Yes, I see a maroon tie.",True,True,0,5,4,0,1,0,0.07799999999999999,0
13628221,Who is in front of the wall?,man,The tennis player is in front of the wall.,The person.,False,False,0,5,2,1,2,1,0.266,0
19326711,What kind of animal is large?,bird,The animal in the image that is large is the bird.,The animal in the image that is large is the bird.,True,True,0,5,4,0,1,0,0.078,0
07894112,The boy is where?,ground,The boy is on a beach.,The boy is at the beach.,False,False,0,7,3,2,2,1,0.2785714285714285,0
14974783,Is the orange to the right of an apple?,no,"No, the orange is not to the right of an apple because there is no apple in the image.","No, the orange is not to the right of an apple because there is no apple in the image.",True,True,0,5,2,0,3,0,0.214,0
18655716,What color does the backpack on the right have?,green,"The backpack on the right appears to be dark in color, likely black or dark blue.",Brown,False,False,0,5,1,0,4,1,0.28200000000000003,0
07859572,What vehicle has the same color as the large window?,truck,"The vehicle that has the same color as the large window is the train itself, as the window frame is part of the train's design.","The vehicle that has the same color as the large window is the train itself, as the window frame is part of the train's design.",False,False,0,5,3,0,2,0,0.146,0
17206229,Is the girl that is not sad wearing boots?,no,"No, the girl that is not sad is not wearing boots.","No, the girl that is not sad is not wearing boots.",True,True,0,5,4,0,1,0,0.078,0
17362266,Is the field covered with weeds?,yes,"Yes, the field is covered with weeds.","Yes, the field is covered with weeds.",True,True,0,5,3,1,1,0,0.198,0
02532956,What animal is standing in the dirt?,zebra,The animal standing in the dirt is a zebra.,Zebra,True,True,0,5,1,3,1,1,0.438,0
16844708,What is the fence in front of?,pole,The fence is in front of the open area with trees and a car.,The fence is in front of the open area with trees and a car.,False,False,0,0,0,0,0,0,0.0,0
08332189,Is the woman in the bottom part?,yes,"Yes, the woman is in the bottom part of the image.","Yes, the woman is in the bottom part of the image.",True,True,0,5,2,0,3,0,0.214,0
01588791,On which side of the photo is the cardboard box?,left,The cardboard box is on the left side of the photo.,The cardboard box is on the left side of the photo.,True,True,0,5,2,0,3,0,0.214,0
03236221,Where is the boy?,floor,"The boy is in the living room, standing among the other children as they play a video game.","The boy is in the living room, standing among the other children as they play a video game.",False,False,0,5,3,1,1,0,0.19799999999999998,0
14445965,Is the bowl to the left or to the right of the mug?,right,The bowl is to the left of the mug.,The bowl is to the left of the mug.,False,False,0,5,4,0,1,0,0.07799999999999999,0
11546518,What is on the vehicle that is in the snow?,ladder,The yellow vehicle (possibly a snowmobile) is on the vehicle (the truck) that is in the snow.,A yellow vehicle is on the vehicle in the snow.,False,False,0,5,2,1,2,1,0.266,0
04119802,Is the black bag on the right side?,no,"No, the black bag is not on the right side. It is on the left side of the image.",No,True,True,0,5,2,1,2,1,0.266,0
03431,How big is the giraffe near the other giraffes?,large,The giraffe near the other giraffes is the largest among them.,The giraffe near the other giraffes is fully grown.,True,False,0,5,1,0,4,1,0.28200000000000003,0
04813497,Is the orange on a plate?,yes,"No, the orange is not on a plate.",No,False,False,0,5,1,0,4,1,0.28200000000000003,0
0450776,What is leaning against the bench?,bicycle,A bicycle is leaning against the bench.,A bicycle is leaning against the bench.,True,True,0,5,4,1,0,0,0.13,0
13629300,What is the seat on?,bench,The seat is on the bench.,The seat is on the bench.,True,True,0,5,2,0,3,0,0.214,0
13663536,Which kind of furniture is the keyboard on?,desk,The keyboard is on a desk.,The keyboard is on a desk.,True,True,0,5,2,0,3,0,0.214,0
03539432,What is the color of the socks the boy is wearing?,red,The boy is wearing blue socks.,The boy is wearing blue socks.,False,False,0,5,4,0,1,0,0.078,0
18671112,What's located on top of the man?,jacket,The man is wearing a helmet or hat on top of his head.,The man is wearing a helmet or hat on top of his head.,False,False,0,0,0,0,0,0,0.0,0
18492629,Who is in front of the dark trees?,man,The man in the light-colored suit is in front of the dark trees.,The man in the light-colored suit is in front of the dark trees.,True,True,0,5,4,0,1,0,0.078,0
14279279,What's the pipe on?,motorcycle,The pipe is on the motorcycle's exhaust system.,The pipe is on the motorcycle's exhaust system.,True,True,0,0,0,0,0,0,0.0,0
15340115,Who is wearing a jacket?,woman,The person in the image is wearing a jacket.,The person in the picture is wearing a jacket.,False,False,0,5,3,2,0,1,0.25,0
19904701,On which side is the chair?,left,There is no chair in the image.,There is no chair in the image.,False,False,0,5,2,0,3,0,0.214,0
13515501,Is the large device on the left?,yes,"Yes, the large device is on the left.",Yes,True,True,0,5,0,2,3,1,0.454,0
05310359,Who is sitting?,man,"Based on the visible information, it is not possible to definitively determine who is sitting. The image only shows the lower half of a person's body, and there is no clear indication of the person's posture or position.","Based on the visible information, it is not possible to definitively determine who is sitting. The image only shows the lower half of a person's body, and there is no clear indication of the person's posture or position.",False,False,0,5,5,0,0,0,0.009999999999999998,0
041029551,What is full of water?,fountain,The fountain in the image is full of water.,The fountain in the image is full of water.,True,True,0,5,3,0,2,0,0.146,0
02207917,Who is holding the teddy bear?,man,The person in the image is holding the teddy bear.,The person in the blue shirt is holding the teddy bear.,False,False,0,5,2,2,1,1,0.318,0
03510424,What is the vegetable that is to the left of the bag in the top of the photo?,broccoli,The vegetable to the left of the bag in the top of the photo is broccoli.,Broccoli,True,True,0,5,0,0,5,1,0.35,0
02921844,What is the appliance to the right of him?,microwave oven,The appliance to the right of him is a refrigerator.,Microwave,False,False,0,5,2,1,2,1,0.266,0
00600980,Who is riding on a skateboard?,skater,The person in the green shirt is riding on a skateboard.,The person in the green shirt is riding on a skateboard.,False,False,0,5,3,0,2,0,0.146,0
07202148,What is on the traffic signal?,chain,The traffic signal does not have any text or markings on it. It is simply a yellow casing for the traffic lights.,The traffic signal has a green light illuminated.,False,False,0,5,1,0,4,1,0.28200000000000003,0
1979414,Do you see both mirrors and towels?,yes,"Yes, I see a towel, but I cannot confirm the presence of a full mirror.","Yes, I see a towel, but I cannot confirm the presence of a full mirror.",True,True,0,5,5,0,0,0,0.009999999999999998,0
11214457,On which side of the picture is the woman?,right,The woman is on the right side of the picture.,The woman is on the right side of the picture.,True,True,0,5,3,0,2,0,0.146,0
05891651,Is there a plate in this photo?,yes,"No, there is no plate in the photo.",No,False,False,0,5,2,1,2,1,0.266,0
15427529,Is this pillow on a bed?,no,"No, the pillow is not on a bed.","No, the pillow is not on a bed.",True,True,0,5,3,1,1,0,0.198,0
00736977,On which side is the bear?,left,The bear is on the left side.,The bear is on the left side.,True,True,0,5,3,0,2,0,0.146,0
0292525,What is on the post?,wire,The post has two signs: one indicating a right direction and another indicating no entry.,Signs and wires.,False,True,1,5,1,0,4,1,0.28200000000000003,0
1173487,Where is that tree?,beach,There is no tree in the image.,There is no tree in the image.,False,False,0,5,2,1,2,1,0.266,0
01650140,Is the book in front of a remote control?,no,"No, the book is not in front of a remote control.","No, the book is not in front of a remote control.",True,True,0,5,2,0,3,0,0.214,0
04986662,What is the vehicle in the grass called?,bus,The vehicle in the grass is a bus.,Bus,True,True,0,5,0,3,2,1,0.506,0
10338521,What is in front of the horse?,gate,The person in the wheelchair and the two small dogs are in front of the horse.,The person in the wheelchair and the two small dogs are in front of the horse.,False,False,0,5,2,0,3,0,0.214,0
19757872,Is the person to the left of the woman carrying an umbrella?,no,"No, the person to the left of the woman is not carrying an umbrella.",No,True,True,0,5,1,2,2,1,0.386,0
00289920,Does the shirt look brown?,yes,"No, the shirt does not look brown.","No, the shirt does not look brown.",False,False,0,5,3,0,2,0,0.146,0
16710724,What is the bike in front of?,steps,The bike is in front of the porch steps.,The bike is in front of the porch steps.,True,True,0,0,0,0,0,0,0.0,0
15225219,Is the woman wearing a skirt?,no,There is not enough information in the image to determine if the woman is wearing a skirt.,There is not enough information in the image to determine if the woman is wearing a skirt.,True,True,0,5,4,0,1,0,0.07799999999999999,0
021010741,"Which color is the knife, red or black?",red,The knife is red.,The knife is red.,True,True,0,5,2,0,3,0,0.214,0
19358398,Is the lamp on the left side?,yes,"Yes, the lamp is on the left side.",Yes,True,True,0,5,1,1,3,1,0.334,0
13339719,Does the person that is to the right of the console appear to be driving or playing?,playing,The person appears to be playing.,The person appears to be playing.,True,True,0,5,4,1,0,0,0.13,0
00889726,"In which part of the photo is the sheep, the bottom or the top?",top,The sheep is in the bottom part of the photo.,Top,False,True,1,5,1,0,4,1,0.28200000000000003,0
12639700,How large are the towers?,large,"The towers in the image are very large, likely several stories high, as they tower over the people and benches in the foreground.","The towers in the image are very large, likely several stories high, as they tower over the people and benches in the foreground.",True,True,0,5,2,0,3,0,0.214,0
16275129,Do you see any speaker there?,yes,"No, I do not see any speaker in the image.",No,False,False,0,5,1,1,3,1,0.334,0
17297249,What is in front of the bushes?,bench,The paved area or path is in front of the bushes.,A bench,False,True,1,5,1,0,4,1,0.28200000000000003,0
13178406,What kind of sign do you think is above the snow on the ground?,street sign,"The sign above the snow on the ground is a street sign indicating ""Cathedral Parkway.""","The sign above the snow on the ground is a street sign indicating ""Cathedral Parkway.""",False,False,0,5,2,0,3,0,0.214,0
1925086,Does the animal next to the bath tub look large?,no,"No, the animal next to the bath tub does not look large.",No,True,True,0,5,1,1,3,1,0.334,0
06459412,"What are these guys at, a table or a sofa?",table,These guys are at a table.,These guys are at a table.,True,True,0,5,4,0,1,0,0.07799999999999999,0
05973184,What food is it?,biscuit,"The food in the image includes oatmeal, bread, a banana, and a beverage (possibly coffee or tea).",Banana,False,False,0,5,1,4,0,1,0.49,0
18920464,Are the pear to the left of the bowl and the banana to the left of the bowl both tiny?,yes,"Yes, the pear to the left of the bowl and the banana to the left of the bowl are both tiny.","Yes, the pear to the left of the bowl and the banana to the left of the bowl are both tiny.",True,True,0,5,2,0,3,0,0.214,0
11207448,What kind of furniture is the monitor on?,shelf,The monitor is on a desk or table.,Wicker basket,False,False,0,5,1,2,2,1,0.386,0
06615020,Who wears a mask?,biker,The rider in the foreground wearing a red shirt is wearing a mask.,The rider in the foreground wearing a red shirt is wearing a mask.,False,False,0,5,5,0,0,0,0.009999999999999998,0
06898905,Do you see any refrigerators or blenders?,yes,"Yes, I see a refrigerator in the image.",Refrigerator,True,False,0,5,1,1,3,1,0.334,0
09161921,Are there helmets or snowboards?,yes,"No, there are no helmets or snowboards in the image.",No,False,False,0,5,2,1,2,1,0.266,0
06651580,What is the color of the book?,black,The book is black.,The book is black.,True,True,0,5,0,0,5,1,0.35,0
1942684,Do the bull and the sky have a different colors?,yes,"Yes, the bull and the sky have different colors.","Yes, the bull and the sky have different colors.",True,True,0,5,3,0,2,0,0.146,0
11311050,Is there a bench or a star that is brown?,yes,"Yes, there is a star that is brown.","Yes, there is a star that is brown.",True,True,0,5,4,0,1,0,0.078,0
19773949,Which kind of vegetable is to the right of the spinach?,carrot,The vegetable to the right of the spinach is a cluster of carrots.,The vegetable to the right of the spinach is a cluster of carrots.,True,True,0,5,4,0,1,0,0.078,0
18583209,Who is wearing jeans?,man,The person in the foreground is not wearing jeans; they are wearing light-colored pants.,The person in the foreground is not wearing jeans; they are wearing light-colored pants.,False,False,0,5,3,0,2,0,0.146,0
13357495,Who is holding the bat?,girl,The child in the red shirt is holding the bat.,The child in the red shirt is holding the bat.,False,False,0,5,5,0,0,0,0.009999999999999998,0
001058312,Who is wearing the glasses?,man,The person in the background is wearing glasses.,The person in the background is wearing glasses.,False,False,0,6,5,0,1,0,0.06666666666666665,0
11589201,On which side of the picture is the blue bag?,left,The blue bag is on the left side of the picture.,Left,True,True,0,5,0,1,4,1,0.402,0
06889758,Does the hair look brown?,no,"Yes, the hair looks brown.","Yes, the hair looks brown.",False,False,0,5,5,0,0,0,0.009999999999999998,0
10926949,What is the fruit that is to the right of the pink candle?,grape,The fruit to the right of the pink candle is an orange slice.,Orange,False,False,0,5,1,1,3,1,0.334,0
13502157,What clothing item is long?,jacket,The long clothing item is the coat.,The long clothing item is the coat.,False,False,0,0,0,0,0,0,0.0,0
01584117,What is in front of the pedestrians?,taxi,There is no significant object or barrier directly in front of the pedestrians. They are crossing the street.,There is no significant object or barrier directly in front of the pedestrians. They are crossing the street.,False,False,0,5,3,0,2,0,0.146,0
18704247,What is the animal that is to the left of the monitor?,bear,The animal to the left of the monitor is a stuffed animal or a similar object.,Bear,False,True,1,5,1,1,3,1,0.334,0
18997484,Is the brown fence in front of the animal that is not short?,no,"Yes, the brown fence is in front of the animal (the giraffe) that is not short.",Yes.,True,False,0,5,1,1,3,1,0.334,0
01284498,What is the man to the right of the bus riding?,bike,The man to the right of the bus is riding a bicycle.,The man to the right of the bus is riding a bicycle.,False,False,0,5,3,1,1,0,0.198,0
01715357,Where is the man sitting?,table,The man is sitting at a dining table.,At a table.,True,True,0,5,2,1,2,1,0.266,0
09745246,Which side is the clock on?,left,The clock is on the left side.,The clock is on the left side.,True,True,0,5,2,0,3,0,0.214,0
10561393,Is the bag to the right or to the left of the person who is holding the umbrella?,right,The bag is to the left of the person holding the umbrella.,The bag is to the left of the person holding the umbrella.,False,False,0,5,3,0,2,0,0.146,0
0467034,What is the mirror on?,bike,The mirror is on the motorcycle's handlebar.,The mirror is on the motorcycle's handlebar.,False,False,0,0,0,0,0,0,0.0,0
01259702,What color is the helmet that the man is wearing?,black,The helmet that the man is wearing is dark in color.,The helmet that the man is wearing is dark in color.,False,False,0,5,4,1,0,0,0.13,0
19737324,What's the bag on?,coffee table,The bag is on the table.,The bag is on the table.,False,False,0,5,3,0,2,0,0.146,0
161020577,What kind of aircraft is flying?,airplane,"The aircraft flying in the image is a small, single-engine general aviation plane.",Single-engine aircraft,False,False,0,6,0,5,1,1,0.5666666666666667,0
081032949,The vehicle the poster is inside of is what color?,gray,The vehicle the poster is inside of is primarily white or silver.,The vehicle the poster is inside of is primarily white or silver.,False,False,0,5,3,1,1,0,0.198,0
07508793,What is that lock on?,window,The lock is on the window frame.,The lock is on the window.,True,True,0,10,2,0,8,1,0.28200000000000003,0
07300998,What is on the light pole?,street sign,A stop sign is on the light pole.,Stop sign and street sign.,False,False,0,5,0,0,5,1,0.35,0
0464509,Is the white vase to the left or to the right of the sofa?,right,The white vase is to the right of the sofa when considering the sofa as the reference point.,The white vase is to the right of the sofa when considering the sofa as the reference point.,True,True,0,5,2,0,3,0,0.214,0
06895886,Does the sheep that is not young appear to be lying?,no,"No, the sheep that is not young does not appear to be lying. It is standing and interacting with a goose.","No, the sheep that is not young does not appear to be lying. It is standing and interacting with a goose.",True,True,0,5,3,0,2,0,0.146,0
00331039,What is the color of the cow to the right of the other cows?,black,The cow to the right of the other cows is light brown or tan.,Light brown,False,False,0,5,1,0,4,1,0.28200000000000003,0
14796793,Is the knife to the right of a bread?,yes,"Based on the context and the positioning of the knife, it is reasonable to infer that the knife is to the right of a bread, although the exact position cannot be confirmed without more detailed information.","Based on the context and the positioning of the knife, it is reasonable to infer that the knife is to the right of a bread, although the exact position cannot be confirmed without more detailed information.",False,False,0,5,4,0,1,0,0.078,0
08625104,What kind of fast food is cooked?,hot dog,The fast food being cooked in the image is a hot dog.,The fast food being cooked in the image is a hot dog.,True,True,0,5,4,0,1,0,0.078,0
18230133,Which color is the shirt that the person is wearing?,red,The shirt that the person is wearing is black.,The shirt that the person is wearing is black.,False,False,0,5,3,0,2,0,0.146,0
05661687,Are the people on the road holding the bag on the right?,yes,"No, the people on the road are not holding the bag on the right.","No, the people on the road are not holding the bag on the right.",False,False,0,5,5,0,0,0,0.009999999999999998,0
13908048,Which side of the picture are the glasses on?,left,"The glasses are on both sides of the picture, as they are centrally placed on the table.",Right side,False,False,0,5,0,0,5,1,0.35,0
01300656,What kind of furniture is to the left of the blue chair?,drawers,The furniture to the left of the blue chair is a desk or a table.,The furniture to the left of the blue chair is a desk or a table.,False,False,0,5,2,0,3,0,0.214,0
02914081,Is there either a fork or a pizza in this image?,yes,"Yes, there is both a fork and a pizza in the image.","Yes, there is both a fork and a pizza in the image.",True,True,0,5,3,0,2,0,0.146,0
03376045,What is the sticker on?,toilet,The sticker is on the toilet seat lid.,The sticker is on the toilet seat lid.,True,True,0,0,0,0,0,0,0.0,0
10737505,Which kind of vegetable is on the sandwich?,avocado,The vegetable on the sandwich is lettuce.,The vegetable on the sandwich is lettuce.,False,False,0,5,4,0,1,0,0.07799999999999999,0
14996062,Are there both motorcycles and helmets in the picture?,no,"No, there are no motorcycles in the picture.",No,True,True,0,5,2,1,2,1,0.266,0
00204122,Which kind of vehicle is to the left of the bag?,car,The vehicle to the left of the bag is a green car.,Car,True,True,0,5,1,0,4,1,0.28200000000000003,0
12745124,Is it an indoors or outdoors scene?,indoors,It is an indoors scene.,Indoors,True,True,0,5,0,3,2,1,0.506,0
0045244,On which side is the pillow?,left,The pillow is on the left side of the bed.,The pillow is on the left side of the bed.,True,True,0,5,4,0,1,0,0.078,0
12334288,What device is to the left of the cabinet?,controller,The device to the left of the cabinet is a Wii remote.,The device to the left of the cabinet is a Wii remote.,False,False,0,5,3,0,2,0,0.146,0
098145,Where is the elephant to the left of the traffic light walking?,road,"The elephant to the left of the traffic light is walking on a city street in an urban environment, likely as part of a parade or procession.","The elephant to the left of the traffic light is walking on a city street in an urban environment, likely as part of a parade or procession.",False,False,0,5,2,0,3,0,0.214,0
16351287,Is the television on a dresser?,no,"No, the television is not on a dresser.","No, the television is not on a dresser.",True,True,0,5,3,1,1,0,0.198,0
06314056,Are there any people on the motorcycle?,yes,"No, there are no people on the motorcycle.","No, there are no people on the motorcycle.",False,False,0,5,5,0,0,0,0.009999999999999998,0
06587843,Is the white couch to the right of the colorful pillows?,no,"No, the white couch is not to the right of the colorful pillows; it is to the left.","No, the white couch is not to the right of the colorful pillows; it is to the left.",True,True,0,5,2,0,3,0,0.214,0
11411531,Does the device to the right of the umbrella look black?,no,"Yes, the device to the right of the umbrella looks black.","Yes, the device to the right of the umbrella looks black.",False,False,0,5,2,0,3,0,0.214,0
1583422,Where is the woman standing?,hallway,"The woman is standing on an upper level of a modern indoor building, likely an office or commercial space.",Indoor setting,False,False,0,5,2,1,2,1,0.266,0
1260165,Are there any remote controls in this image?,yes,"No, there are no remote controls in this image.",Yes,False,True,1,5,3,2,0,1,0.25,0
04174158,On which side of the photo is the little doll?,left,The little doll is on the left side of the photo.,The little doll is on the left side of the photo.,True,True,0,5,3,0,2,0,0.146,0
10767860,Is it an indoors scene?,yes,"Yes, it is an indoors scene.",Yes,True,True,0,5,1,3,1,1,0.438,0
00101458,Where does the man ski?,hills,The man is skiing on a snowy mountain slope.,The man is skiing on a snowy mountain slope.,False,False,0,5,4,0,1,0,0.07799999999999999,0
01656731,Do you see a keyboard to the left of the person that is wearing a shirt?,yes,"Yes, there is a keyboard to the left of the person wearing a shirt.","Yes, there is a keyboard to the left of the person wearing a shirt.",True,True,0,5,4,0,1,0,0.07799999999999999,0
121037827,What animal is to the right of the dog?,sheep,The animal to the right of the dog is a sheep.,The animal to the right of the dog is a sheep.,True,True,0,5,2,0,3,0,0.214,0
1693927,What's the remote control on?,desk,The remote control is on the desk.,The remote control is on the desk.,True,True,0,5,1,0,4,1,0.28200000000000003,0
16448765,Is the man to the right or to the left of the chair on the left?,right,The man is to the right of the chair on the left.,The man is to the right of the chair on the left.,True,True,0,5,3,0,2,0,0.146,0
04197453,On which side is the oven?,right,The oven is on the right side of the person.,The oven is on the right side of the person.,True,True,0,5,4,0,1,0,0.078,0
051042704,Is the flower red?,no,"No, the flower is not red.",No,True,True,0,5,1,0,4,1,0.28200000000000003,0
01274973,What kind of drink is pictured?,milk,The image does not picture a drink; it shows a bowl of cereal.,Milk,False,True,1,5,2,1,2,1,0.266,0
10970525,What's in the sink?,ball,"A small object, likely a ball or piece of food, is in the sink.",A yellowish ball.,True,True,0,5,1,0,4,1,0.28200000000000003,0
18368230,What is the color of the arrow on the street sign?,white,The color of the arrow on the street sign is white.,White,True,True,0,5,1,0,4,1,0.28200000000000003,0
03715855,Is the bench on the right side of the picture?,no,"Yes, the bench is on the right side of the picture.","Yes, the bench is on the right side of the picture.",False,False,0,5,3,1,1,0,0.19799999999999998,0
08134901,What is on the appliance to the right of the container?,chicken,The appliance to the right of the container is a stove.,The appliance to the right of the container is a stove.,False,False,0,5,3,1,1,0,0.19799999999999998,0
18546918,What is the shape of the plate on the right?,octagonal,The plate on the right is square-shaped.,The plate on the right is square-shaped.,False,False,0,5,2,0,3,0,0.214,0
00159172,What are the fruits to the right of the brown cake?,strawberries,The fruits to the right of the brown cake are strawberries.,The fruits to the right of the brown cake are strawberries.,False,False,0,0,0,0,0,0,0.0,0
03633085,What device is it?,remote control,The device is a remote control.,Remote control,False,True,1,5,0,4,1,1,0.558,0
04806476,Are there both a plate and a table in the image?,no,"No, there is neither a plate nor a table in the image.","No, there is neither a plate nor a table in the image.",True,True,0,7,3,0,4,0,0.20428571428571426,0
1928517,Are there either any refrigerators or bags that are red?,yes,"Yes, there is a red refrigerator in the image.",Yes,True,True,0,5,0,0,5,1,0.35,0
0260575,Are there either small cars or words?,yes,"Yes, there are words in the image.","Yes, there are words in the image.",True,True,0,10,9,0,1,0,0.04399999999999999,0
0416216,Are there any forks on the white object on top of the table?,no,"No, there are no forks on the white object on top of the table.","No, there are no forks on the white object on top of the table.",True,True,0,5,4,0,1,0,0.078,0
07542804,Is the drawer to the right of a man?,no,"No, the drawer is not to the right of a man.",No,True,True,0,5,1,0,4,1,0.28200000000000003,0
04251893,Are there bowls to the right of the food in the top of the photo?,no,"No, there are no bowls to the right of the food in the top of the photo. The bowl with the dark-colored dish is to the right of the central plate, but it is not above it.",Yes,True,False,0,5,0,2,3,1,0.454,0
1335954,Is the man to the left or to the right of the people in the middle of the picture?,right,The man is to the right of the people in the middle of the picture.,The man is to the right of the people in the middle of the picture.,True,True,0,5,4,0,1,0,0.078,0
13539044,"What material is the floor, hardwood or stone?",hardwood,The floor is hardwood.,Hardwood,True,True,0,5,2,1,2,1,0.266,0
15729910,Is the bridge brown or green?,brown,The bridge is brown.,Brown,True,True,0,5,0,1,4,1,0.402,0
08416146,Which side of the picture is the couch on?,right,The couch is on the right side of the picture.,The couch is on the right side of the picture.,True,True,0,5,4,1,0,0,0.13,0
18961291,What color do you think the adult sheep that is eating grass is?,black,The adult sheep that is eating grass is primarily white with some darker patches.,The adult sheep that is eating grass is primarily white with some darker patches.,False,False,0,5,2,0,3,0,0.214,0
01601562,Is the purple towel to the left of a toilet?,no,"Yes, the purple towel is to the left of the toilet.",Yes,False,False,0,5,1,1,3,1,0.334,0
16791638,Is the tap on the right side?,no,"No, the tap is not on the right side.",No,True,True,0,5,2,1,2,1,0.266,0
1887740,What place is shown?,pavement,The image shows a road intersection in an urban or suburban area.,European city street,False,False,0,5,2,1,2,1,0.266,0
08410054,Are the people of the boat to the left or to the right of the red flag on the boat?,right,The people of the boat are to the right of the red flag on the boat.,The people of the boat are to the right of the red flag on the boat.,True,True,0,5,3,0,2,0,0.146,0
05748173,Are there both a plate and a donut in this image?,no,"No, there is neither a plate nor a donut in the image.","No, there is neither a plate nor a donut in the image.",True,True,0,5,3,0,2,0,0.146,0
00352807,What is the device to the right of the black device?,television,The device to the right of the black device is a television or another monitor.,The device to the right of the black device is a television or another monitor.,True,True,0,5,3,0,2,0,0.146,0
12774477,What animal is in front of the trees on the right side?,giraffe,The animal in front of the trees on the right side is a giraffe.,The animal in front of the trees on the right side is a giraffe.,True,True,0,5,2,0,3,0,0.214,0
18107049,Is the brown chair to the left or to the right of the ottoman that looks black?,left,The brown chair is to the left of the black ottoman.,The brown chair is to the left of the black ottoman.,True,True,0,5,5,0,0,0,0.009999999999999998,0
18470134,What is the name of the food to the left of the tomato that is underneath the pickles?,hamburger,The food to the left of the tomato that is underneath the pickles is lettuce.,The food to the left of the tomato that is underneath the pickles is lettuce.,False,False,0,5,2,0,3,0,0.214,0
08174094,Does the scooter look red?,no,"Based on the image provided, it is not possible to definitively state whether the scooter looks red or not. The presence of fire and smoke obscures the details needed to make such a determination.","Based on the image provided, it is not possible to definitively state whether the scooter looks red or not. The presence of fire and smoke obscures the details needed to make such a determination.",True,True,0,5,2,0,3,0,0.214,0
0866562,What is the pillow lying on?,bed,The pillow is lying on the bed.,The pillow is lying on the bed.,True,True,0,5,3,0,2,0,0.146,0
01190702,What color are the clouds?,gray,The clouds in the image are primarily gray with some white areas.,The clouds are white with some gray tones.,True,True,0,5,2,1,2,1,0.266,0
11207726,Is the computer to the left of a dresser?,yes,"No, the computer is not to the left of a dresser; it is in front of it.",No,False,False,0,5,1,1,3,1,0.334,0
11366797,What is that woman doing?,riding,The woman is riding a bicycle on a road.,Riding a bicycle.,True,True,0,5,2,1,2,1,0.266,0
08134794,Are there any cups on the countertop?,no,"No, there are no cups on the countertop.","No, there are no cups on the countertop.",True,True,0,5,3,0,2,0,0.146,0
10980191,What do you think is in the pot?,tree,"There is no pot in the image, so it is not possible to determine what might be in it.","There is no pot in the image, so it is not possible to determine what might be in it.",False,False,0,0,0,0,0,0,0.0,0
12582202,Is the wood cabinet to the right or to the left of the couch in the image?,right,The wood cabinet is to the right of the couch in the image.,To the right,True,True,0,5,2,1,2,1,0.266,0
12246928,What's the cat on?,rug,The cat is on the doormat.,The cat is on the doormat.,False,False,0,5,4,0,1,0,0.078,0
04869296,Is there a flag or a kite that is not purple?,no,"No, there is no flag or kite that is not purple. The flag is white.",Flag,True,False,0,5,2,2,1,1,0.318,0
06144103,Are there any laptops?,no,"No, there are no laptops in the image.",No,True,True,0,5,3,2,0,1,0.25,0
06674998,What's on the ceiling?,cord,There is nothing on the ceiling.,There is nothing on the ceiling.,False,False,0,5,3,0,2,0,0.146,0
15880558,How clean are the windows on the side of the train?,tinted,The windows on the side of the train are not clean.,Dirty,False,False,0,5,2,2,1,1,0.318,0
131009649,"Which is less healthy, the cookies or the tomato?",cookies,The cookies are less healthy than the tomato.,The cookies are less healthy than the tomato.,True,True,0,5,3,0,2,0,0.146,0
19743171,Do you see any cones on the road the man is crossing?,no,"No, I do not see any cones on the road the man is crossing.","No, I do not see any cones on the road the man is crossing.",True,True,0,5,5,0,0,0,0.009999999999999998,0
00215401,Is there a chair or a plate in this photo?,yes,"Yes, there is a plate in the photo, but there is no chair.","Yes, there is a plate in the photo, but there is no chair.",True,True,0,5,3,0,2,0,0.146,0
12105812,What is the bat made of?,metal,The bat is likely made of wood or composite materials such as aluminum or carbon fiber.,The bat is likely made of wood or composite materials such as aluminum or carbon fiber.,False,False,0,5,2,0,3,0,0.214,0
05141840,Does the sky look cloudy and blue?,no,"Yes, the sky looks clear and blue.","Yes, the sky looks clear and blue.",False,False,0,5,3,1,1,0,0.198,0
14470764,Who is wearing the tie?,guy,The person on the left is wearing the tie.,The person on the far left is wearing the tie.,False,False,0,7,2,2,3,1,0.32714285714285707,0
0623848,What color is the shoe?,gray,The shoe is brown.,The shoe is brown.,False,False,0,0,0,0,0,0,0.0,0
03600057,Is the computer in the bottom of the picture?,yes,"Yes, the computer is in the bottom of the picture.","Yes, the computer is in the bottom of the picture.",True,True,0,5,3,0,2,0,0.146,0
11804543,What color is the ball?,white,"The image does not contain a ball, so it is not possible to determine its color.","The image does not contain a ball, so it is not possible to determine its color.",False,False,0,5,2,0,3,0,0.214,0
18983693,What is on the statue?,jacket,The statue has an umbrella on it.,The statue has an umbrella on it.,False,False,0,5,5,0,0,0,0.009999999999999998,0
06319036,What color is the sweater?,gray,The sweater is light-colored.,The sweater is light gray.,False,True,1,5,1,0,4,1,0.28200000000000003,0
11327974,Which sign is white?,street sign,Neither sign is white.,The street sign is white.,False,False,0,5,0,0,5,1,0.35,0
03513850,Is the girl wearing shorts?,no,"No, the girl is not wearing shorts.","No, the girl is not wearing shorts.",True,True,0,5,3,0,2,0,0.146,0
06347045,What kind of vegetable is to the right of the tomato?,broccoli,The vegetable to the right of the tomato appears to be a green pepper.,The vegetable to the right of the tomato appears to be a green pepper.,False,False,0,0,0,0,0,0,0.0,0
15127182,What fruits are to the left of the strawberry on the plate?,cherries,There are no fruits to the left of the strawberry on the plate because there is no strawberry present in the image.,There are no fruits to the left of the strawberry on the plate because there is no strawberry present in the image.,False,False,0,5,2,0,3,0,0.214,0
00684249,Are there any cabinets under the counter the plate is on?,no,"Based on the image provided, it is not possible to definitively state whether there are cabinets under the counter where the plate is placed. The angle and lighting do not allow for a clear view of the lower area.",Yes,True,False,0,5,1,1,3,1,0.334,0
05444127,Do you see curtains to the right of the person who is looking at the laptop computer?,no,"No, I do not see curtains to the right of the person who is looking at the laptop computer.",No,True,True,0,7,0,1,6,1,0.3871428571428571,0
12640880,Does he wear a cap?,yes,"Yes, he wears a cap.","Yes, he wears a cap.",True,True,0,5,5,0,0,0,0.009999999999999998,0
17560384,Is the train to the right or to the left of the bag the man is carrying?,right,The train is to the right of the bag the man is carrying.,The train is to the right of the bag the man is carrying.,True,True,0,5,3,1,1,0,0.19799999999999998,0
08173549,Do you see people to the left of the motorcycle the fire is in front of?,yes,"Yes, there are people to the left of the motorcycle the fire is in front of.","Yes, there are people to the left of the motorcycle the fire is in front of.",True,True,0,5,2,0,3,0,0.214,0
01530411,What color is the vehicle to the right of the car?,red,The vehicle to the right of the car is red.,The vehicle to the right of the car is red.,True,True,0,5,0,0,5,1,0.35,0
09894390,Is it outdoors?,no,"No, it is not outdoors.","No, it is not outdoors.",True,True,0,5,2,0,3,0,0.214,0
03681747,Is the shirt different in color than the tennis racket?,yes,"Yes, the shirt is different in color than the tennis racket.","Yes, the shirt is different in color than the tennis racket.",True,True,0,5,2,0,3,0,0.214,0
04803484,Who is wearing a helmet?,man,The person riding the skateboard is wearing a helmet.,The person riding the skateboard is wearing a helmet.,False,False,0,5,3,0,2,0,0.146,0
16167582,On which side is the man?,left,The man is on the left side of the image.,The man is on the left side of the image.,True,True,0,5,3,1,1,0,0.198,0
04903562,What's located on top of the table?,phone,The items on top of the table include two glasses and a bottle.,The items on top of the table include two glasses and a bottle.,False,False,0,5,3,0,2,0,0.146,0
101008884,Are there bikes or brooms?,no,"No, there are no bikes or brooms in the image.","No, there are no bikes or brooms in the image.",True,True,0,5,4,0,1,0,0.078,0
11925963,What color does the uniform have?,red,The uniform has red and gold colors.,The uniform has red and gold colors.,True,True,0,5,3,1,1,0,0.198,0
15519571,Who is in the sky?,man,The skier is in the sky.,The skier is in the sky.,False,False,0,8,4,2,2,0,0.24499999999999997,0
15785278,Who do you think is in front of the person that wears glasses?,child,The giraffe is in front of the person wearing glasses.,The giraffe is in front of the person wearing glasses.,False,False,0,5,3,0,2,0,0.146,0
0038509,Are there both trains and doors in the picture?,yes,"No, there are no trains in the picture, but there is a door on the bus.","No, there are no trains in the picture, but there is a door on the bus.",False,False,0,5,3,0,2,0,0.146,0
10110879,What is the man that is standing doing?,skateboarding,The man is skateboarding.,The man is skateboarding.,False,False,0,5,5,0,0,0,0.009999999999999998,0
01698074,The shirt the lady is wearing has which color?,blue,The shirt the lady is wearing is likely white or light blue.,The shirt the lady is wearing is likely white or light blue.,True,True,0,5,4,0,1,0,0.078,0
07540985,Which place is it?,restaurant,"This appears to be a social event or gathering held in a venue with a swimming pool, such as a hotel or resort.",Restaurant,False,True,1,5,1,1,3,1,0.334,0
09407119,Does the pole have a different color than the hat?,yes,"No, the pole does not have a different color than the hat. The pole is red with white stripes, while the hat is solid red.",Yes,False,True,1,5,1,2,2,1,0.386,0
0660247,The bag that to the right of the girl lies on what?,rug,The bag lies on the mat.,The bag lies on the mat.,False,False,0,5,3,0,2,0,0.146,0
07639572,What is covered in sea foam?,surfboard,The wave's crest is covered in sea foam.,The wave's crest is covered in sea foam.,False,False,0,5,3,0,2,0,0.146,0
191038862,Is the plant in a vase?,no,"No, the plant is not in a vase; it is in a white pot.","No, the plant is not in a vase; it is in a white pot.",True,True,0,5,4,0,1,0,0.078,0
06313835,Who is standing?,man,The people in the image are standing.,The people in the image are standing.,False,False,0,5,2,0,3,0,0.214,0
10281484,Do you see any checkered tablecloths or tables?,yes,"Yes, I see a checkered table.","Yes, I see a checkered table.",True,True,0,5,2,0,3,0,0.214,0
17456829,Is this rug brown or blue?,blue,The rug is blue.,Blue,True,True,0,5,1,0,4,1,0.28200000000000003,0
13517306,What place was the photo taken at?,station,The photo was taken at a railway station.,Train station,True,True,0,5,2,1,2,1,0.266,0
13275255,What is on the plate that is to the left of the beverage?,knife,The plate to the left of the beverage contains some food remnants.,Food remnants,False,False,0,5,2,1,2,1,0.266,0
02759474,Are there either napkins or brooms in the photo?,no,"No, there are neither napkins nor brooms in the photo.","No, there are neither napkins nor brooms in the photo.",True,True,0,10,5,0,5,0,0.18,0
16540407,Are there both towels and mirrors in the picture?,no,"Yes, there are both towels and a mirror (or a reflective surface) in the picture.","Yes, there are both towels and a mirror (or a reflective surface) in the picture.",False,False,0,5,2,0,3,0,0.214,0
123230,Is the ground white or black?,white,The ground is white.,The ground is white.,True,True,0,5,2,0,3,0,0.214,0
15705216,Which side is the shelf on?,left,"The shelf is on the right side of the image, as the bananas and the glasses of juice are positioned towards the right side of the frame.","The shelf is on the right side of the image, as the bananas and the glasses of juice are positioned towards the right side of the frame.",False,False,0,5,2,0,3,0,0.214,0
13294481,Which kind of animal is it?,elephant,The animal in the image is an elephant.,Elephant,True,True,0,5,0,3,2,1,0.506,0
03297650,Is it an indoors scene?,yes,"Yes, it is an indoors scene.","Yes, it is an indoors scene.",True,True,0,10,5,2,3,0,0.23199999999999998,0
19831270,What is the man in the crowd wearing?,hat,"The man in the crowd is wearing casual spectator attire, likely including a hat, sunglasses, and a jacket, similar to other spectators in the image.","The man in the crowd is wearing casual spectator attire, likely including a hat, sunglasses, and a jacket, similar to other spectators in the image.",True,True,0,5,4,0,1,0,0.078,0
14904180,Is it outdoors?,yes,"Yes, it is outdoors.","Yes, it is outdoors.",True,True,0,5,0,2,3,1,0.454,0
17797182,What color is the shirt the woman is wearing?,red,The woman is wearing a red or pink shirt.,The woman is wearing a sleeveless top that appears to have a reddish hue.,True,True,0,5,1,0,4,1,0.28200000000000003,0
07142578,What is in front of the faucet?,sink,A decorative item is in front of the faucet.,A decorative item is in front of the faucet.,False,False,0,5,4,0,1,0,0.078,0
0797841,What vehicle is to the right of the dark car?,bus,"Based on the image provided, it is not possible to determine the specific vehicle to the right of the dark car as the view is obstructed.",There is no vehicle to the right of the dark car according to the provided facts.,False,False,0,5,1,0,4,1,0.28200000000000003,0
01530372,What is the fence made of?,metal,"The fence is made of metal, likely chain-link.",The fence is made of metal and wood.,True,True,0,5,1,0,4,1,0.28200000000000003,0
09795233,Is the fire extinguisher different in color than the sky?,yes,"Yes, the fire extinguisher is different in color than the sky.","Yes, the fire extinguisher is different in color than the sky.",True,True,0,5,4,0,1,0,0.078,0
07742316,Are there any children or men?,no,"No, there are no children in the image.","No, there are no children in the image.",True,True,0,5,4,1,0,0,0.13,0
19929863,What is the bench in front of?,tree,The bench is in front of the indoor space where the table is situated.,The bench is in front of the indoor space where the table is situated.,False,False,0,0,0,0,0,0,0.0,0
06846279,Is the lady to the left of glasses?,no,"No, there is no lady to the left of glasses in the image.","No, there is no lady to the left of glasses in the image.",True,True,0,5,2,0,3,0,0.214,0
16409146,Is the train white?,yes,"Yes, the train is white.","Yes, the train is white.",True,True,0,5,2,0,3,0,0.214,0
00839093,In which part of the photo is the brown animal?,left,The brown animal is in the left part of the photo.,The brown animal is in the left part of the photo.,True,True,0,5,2,0,3,0,0.214,0
13831517,Does the roof have the same color as the post?,no,"No, the roof does not have the same color as the post.",No,True,True,0,5,2,1,2,1,0.266,0
04813428,What is the food on the plate that is to the right of the orange?,sushi,The food on the plate to the right of the orange consists of sushi rolls and sashimi.,Skewered meat,True,False,0,5,1,0,4,1,0.28200000000000003,0
17569381,Are the napkins to the right of the person on the left side?,yes,"Based on the observations and reasoning, the napkins are not clearly visible in the image, so it's not possible to definitively say whether they are to the right of the person on the left side or not. However, given the typical placement of napkins on a dining table, it is reasonable to assume they might be to the right of the person on the left side, but this cannot be confirmed from the image alone.","Based on the observations and reasoning, the napkins are not clearly visible in the image, so it's not possible to definitively say whether they are to the right of the person on the left side or not. However, given the typical placement of napkins on a dining table, it is reasonable to assume they might be to the right of the person on the left side, but this cannot be confirmed from the image alone.",False,False,0,5,2,0,3,0,0.214,0
05720322,Which kind of device is on the table?,television,The device on the table is a DVD player.,Television and DVD player.,False,True,1,5,2,1,2,1,0.266,0
19900274,Is there any laptop on the table?,no,"No, there is no laptop on the table.","No, there is no laptop on the table.",True,True,0,5,3,1,1,0,0.198,0
05175025,Is there an oven to the left of the fridge that is to the left of the lamp?,no,"No, there is no oven to the left of the fridge that is to the left of the lamp.",Yes,True,False,0,5,2,1,2,1,0.266,0
19284369,Do you see both a door and a window?,yes,"Yes, I see both a door and a window in the image.","Yes, I see both a door and a window in the image.",True,True,0,5,2,0,3,0,0.214,0
11595526,What's the trash can made of?,metal,The trash can is likely made of plastic or metal.,The trash can is likely made of plastic or metal.,True,True,0,5,3,0,2,0,0.146,0
08832502,Is the happy man to the left or to the right of the cone?,right,The happy man is to the right of the cone.,The happy man is to the right of the cone.,True,True,0,5,3,0,2,0,0.146,0
13387365,Who is wearing the socks?,child,The child is wearing socks.,The child is wearing socks.,True,True,0,5,3,1,1,0,0.198,0
10611152,What kind of appliance is to the left of the blender in the center?,coffee maker,The appliance to the left of the blender is a toaster.,Toaster,False,False,0,5,1,0,4,1,0.28200000000000003,0
19388759,What is in the container?,cabbage,"The container in question likely contains a stir-fried dish, as indicated by the red plate on top.",Stir-fried vegetables,False,False,0,5,2,1,2,1,0.266,0
02620369,Do the shorts have a different color than the trunks?,no,"Yes, the shorts have a different color than the trunks.",No,False,True,1,6,2,1,3,1,0.28,0
196941,What's the fence made of?,wood,The fence is made of wood.,The fence is made of wood.,True,True,0,5,3,0,2,0,0.146,0
18445197,What is hanging on the brick wall?,flag,An American flag is hanging on the brick wall.,A large American flag.,True,True,0,5,1,1,3,1,0.334,0
162519,"What animal are the trees behind of, an elephant or a horse?",horse,The trees are behind a donkey.,The trees are behind a donkey.,False,False,0,5,1,1,3,1,0.334,0
1638555,Was paper used to make the cup to the left of the plate?,no,"No, the cup to the left of the plate was not made of paper. It appears to be made of plastic or glass.","No, the cup to the left of the plate was not made of paper. It appears to be made of plastic or glass.",True,True,0,5,2,0,3,0,0.214,0
